NaiveBC,RNN,GAN,Test,Train,Params,D-Params,Epochs,Old dataset,New dataset,Time signal,State history,Prepend,Learning rate,Pearson,Euclidean g,Manhattan g,Cosine,Euclidean m,Manhattan m,Pos error,Rot error,Release error,Rel. pos. err,Rel. vel. err,Missed by,Filename
True,False,False,True,False,512,-1,50,False,True,True,1,False,1e-05,0.9875229026155508,0.0020020734475043,0.0356037854606347,0.9881171977954988,0.1507599640200179,0.2848302836850779,0.0334748703659758,0.2061242743029768,0.0333333333333333,0.0498699976928701,0.2908021116260602,0.1300723936906261,naiveBCx512x2-newdata-fixed-data-fastrelease-ep50-norm-start-timesignal-testval
True,False,False,False,True,256,-1,50,True,False,False,1,False,1e-05,0.9373256827909324,0.0006564322466788,0.0837387545228281,0.9495206333759124,0.3239158539173297,0.6699100361826249,0.1896707738733873,0.3209193003692182,0.1197481535294829,,,,naiveBCx256x2-olddata-fixed-data-fastrelease-ep50-norm-start-notimesignal-trainval
