NaiveBC,RNN,GAN,Test,Train,Params,D-Params,Epochs,Old dataset,New dataset,Time signal,State history,Prepend,Learning rate,Pearson,Euclidean g,Manhattan g,Cosine,Euclidean m,Manhattan m,Pos error,Rot error,Release error,Rel. pos. err,Rel. vel. err,Missed by,Filename
False,True,False,True,False,128,-1,1200,False,True,True,1,False,0.0001,0.973463574992611,0.0031869855159714,0.0594133045202325,0.9748778382567624,0.2483212501550839,0.4753064361618607,0.119025780952239,0.2428877675872895,0.0999999999999999,0.0525699186597574,0.139582018516719,0.1162102074466486,naiveBC-RNNx128x2-newdata-ep1200-norm-start-timesignal-testval
False,True,False,True,False,256,-1,900,False,True,True,1,False,1e-05,0.9801599836588862,0.0025857646250195,0.037917861332195,0.9812028607954932,0.1914055911778562,0.30334289065756,0.0230224080953788,0.1993431752743932,0.06,0.0544242825409664,0.6663489011973622,0.2036218981233194,naiveBC-RNNx256x2-newdata-ep900-norm-start-timesignal-lr5-testval
False,True,False,True,False,512,-1,1200,False,True,True,1,False,0.0001,0.9642383859115624,0.0048700425721612,0.0965821230050266,0.9615297444556716,0.3945073060458927,0.7726569840402133,0.0655707880620468,0.4032830001171788,0.0866666666666666,0.0527238321752113,0.4482055153993774,0.216876920217234,naiveBC-RNNx512x2-newdata-ep1200-norm-start-timesignal-testval
