NaiveBC,RNN,GAN,Test,Train,Params,D-Params,Epochs,Old dataset,New dataset,Time signal,State history,Prepend,Learning rate,Pearson,Euclidean g,Manhattan g,Cosine,Euclidean m,Manhattan m,Pos error,Rot error,Release error,Rel. pos. err,Rel. vel. err,Missed by,Filename
True,False,False,True,False,256,-1,100,False,True,True,1,False,1e-05,0.9796477708197404,0.0025612143715392,0.0503036562977498,0.9804155752501134,0.198602650888213,0.4024292503819984,0.045694465205959,0.2963586623054373,0.0466666666666666,0.0587648127503906,2.3456551535166463,0.951015405083638,naiveBCx256x2-newdata-fixed-data-fastrelease-ep100-norm-start-timesignal-testval
True,False,False,True,False,512,-1,20,False,True,True,1,False,1e-05,0.9828964301521248,0.0023842207724427,0.0437926763590894,0.9830935331308484,0.1833527992892456,0.3503414108727155,0.0396674047501776,0.2460666487854899,0.06,0.0710874750848544,0.2984215962027211,0.1341947173589815,naiveBCx512x2-newdata-fixed-data-fastrelease-ep20-norm-start-timesignal-testval
True,False,False,True,False,512,-1,50,False,True,True,1,False,1e-05,0.9875229026155508,0.0020020734475043,0.0356037854606347,0.9881171977954988,0.1507599640200179,0.2848302836850779,0.0334748703659758,0.2061242743029768,0.0333333333333333,0.0498699976928701,0.2908021116260602,0.1300723936906261,naiveBCx512x2-newdata-fixed-data-fastrelease-ep50-norm-start-timesignal-testval
