NaiveBC,RNN,GAN,Test,Train,Params,D-Params,Epochs,Old dataset,New dataset,Time signal,State history,Prepend,Learning rate,Pearson,Euclidean g,Manhattan g,Cosine,Euclidean m,Manhattan m,Pos error,Rot error,Release error,Rel. pos. err,Rel. vel. err,Missed by,Filename
True,False,False,True,False,128,-1,100,False,True,True,1,False,1e-05,0.9716322884096148,0.003227594932897,0.0607071203581623,0.970630997552235,0.2531642844695,0.4856569628652989,0.0454290852063181,0.3765541817248605,0.0799999999999999,0.0769192038217986,0.4540015016690319,0.1298532255653565,naiveBCx128x2-newdata-fixed-data-fastrelease-ep100-norm-start-timesignal-testval
True,False,False,True,False,512,-1,20,False,True,True,1,False,1e-05,0.9828964301521248,0.0023842207724427,0.0437926763590894,0.9830935331308484,0.1833527992892456,0.3503414108727155,0.0396674047501776,0.2460666487854899,0.06,0.0710874750848544,0.2984215962027211,0.1341947173589815,naiveBCx512x2-newdata-fixed-data-fastrelease-ep20-norm-start-timesignal-testval
True,False,False,True,False,256,-1,50,False,True,True,1,False,1e-05,0.9744374116603296,0.0029175253489621,0.0498450672917078,0.974533734615737,0.2109119111732724,0.398760538333663,0.0476438980814341,0.3010254127878181,0.0799999999999999,0.0359963958958883,0.2417984664104195,0.0943360733518323,naiveBCx256x2-newdata-fixed-data-fastrelease-ep50-norm-start-timesignal-testval
