NaiveBC,RNN,GAN,Test,Train,Params,D-Params,Epochs,Old dataset,New dataset,Time signal,State history,Prepend,Learning rate,Pearson,Euclidean g,Manhattan g,Cosine,Euclidean m,Manhattan m,Pos error,Rot error,Release error,Rel. pos. err,Rel. vel. err,Missed by,Filename
True,False,False,False,True,256,-1,100,False,True,True,1,False,1e-05,0.9736240214990604,0.0008960455680084,0.0458993570785147,0.9748813133813462,0.2014738799019389,0.3671948566281182,0.0427132367777995,0.2215592000625739,0.0887647423960272,0.0927804774673431,1.83610453274253,0.6818468288344093,naiveBCx256x2-newdata-fixed-data-fastrelease-ep100-norm-start-timesignal-trainval
True,False,False,True,False,256,-1,20,False,True,True,1,False,1e-05,0.979535769679366,0.0026366282086382,0.0416976748277223,0.9799335172116812,0.1870342137384429,0.3335813986217786,0.0312547709280736,0.2064992612439762,0.0866666666666666,0.0495892231756021,1.3614109527954537,0.3774321610053142,naiveBCx256x2-newdata-fixed-data-fastrelease-ep20-norm-start-timesignal-testval
True,False,False,True,False,512,-1,50,False,True,True,1,False,1e-05,0.9875229026155508,0.0020020734475043,0.0356037854606347,0.9881171977954988,0.1507599640200179,0.2848302836850779,0.0334748703659758,0.2061242743029768,0.0333333333333333,0.0498699976928701,0.2908021116260602,0.1300723936906261,naiveBCx512x2-newdata-fixed-data-fastrelease-ep50-norm-start-timesignal-testval
