NaiveBC,RNN,GAN,Test,Train,Params,D-Params,Epochs,Old dataset,New dataset,Time signal,State history,Prepend,Learning rate,Pearson,Euclidean g,Manhattan g,Cosine,Euclidean m,Manhattan m,Pos error,Rot error,Release error,Rel. pos. err,Rel. vel. err,Missed by,Filename
False,True,False,True,False,256,-1,1200,False,True,True,1,False,1e-05,0.9818561535304358,0.0024756832990541,0.0362271834847483,0.9827992504536478,0.1820115019202209,0.2898174678779866,0.0215775786208486,0.1960065405396045,0.06,0.061035795080745,0.7991749813036408,0.2348678848898602,naiveBC-RNNx256x2-newdata-ep1200-norm-start-timesignal-lr5-testval
False,True,False,True,False,128,-1,300,False,True,True,1,False,0.0001,0.9810437928345134,0.0025312332486628,0.0379031393856883,0.982097674696198,0.1865543997251332,0.3032251150855066,0.0336035611001496,0.1886479978506623,0.0666666666666666,0.0747254465932197,0.7187156763934385,0.2369274301543341,naiveBC-RNNx128x2-newdata-ep300-norm-start-timesignal-testval
False,True,False,True,False,512,-1,600,False,True,True,1,False,1e-05,0.978162594375957,0.0027052884375831,0.0366407213071683,0.9794352740570637,0.1905662143379353,0.2931257704573466,0.0217666862993461,0.1904307739748156,0.0666666666666666,,,,naiveBC-RNNx512x2-newdata-ep600-norm-start-timesignal-lr5-testval
False,True,False,True,False,512,-1,900,False,True,True,1,False,1e-05,0.9840544323213132,0.0023293956201673,0.0363145349586566,0.9848210525328662,0.175897272153671,0.2905162796692533,0.0382562252112721,0.1856769495374975,0.04,0.0596860414297734,1.091777365670909,0.3046011757089337,naiveBC-RNNx512x2-newdata-ep900-norm-start-timesignal-lr5-testval
