NaiveBC,RNN,GAN,Test,Train,Params,D-Params,Epochs,Old dataset,New dataset,Time signal,State history,Prepend,Learning rate,Pearson,Euclidean g,Manhattan g,Cosine,Euclidean m,Manhattan m,Pos error,Rot error,Release error,Rel. pos. err,Rel. vel. err,Missed by,Filename
False,True,False,True,False,128,-1,1200,False,True,True,1,False,0.0001,0.973463574992611,0.0031869855159714,0.0594133045202325,0.9748778382567624,0.2483212501550839,0.4753064361618607,0.119025780952239,0.2428877675872895,0.0999999999999999,0.0525699186597574,0.139582018516719,0.1162102074466486,naiveBC-RNNx128x2-newdata-ep1200-norm-start-timesignal-testval
False,True,False,False,True,256,-1,300,False,True,True,1,False,0.0001,0.9736456503929484,0.0009172361798905,0.0523928051131048,0.9751819383015088,0.2344446632835237,0.4191424409048387,0.0321084879860057,0.2442304008302189,0.0918684047175667,0.0569837505033811,0.4422623438815617,0.1591284403459564,naiveBC-RNNx256x2-newdata-ep300-norm-start-timesignal-trainval
False,True,False,True,False,512,-1,600,False,True,True,1,False,0.0001,0.972023558233584,0.0031215416185687,0.05643974620615,0.9730773374802232,0.2537956731774414,0.4515179696492,0.0592719549766334,0.368814085768693,0.0666666666666666,0.0586930649047149,0.3184587551625634,0.130883833582445,naiveBC-RNNx512x2-newdata-ep600-norm-start-timesignal-testval
