NaiveBC,RNN,GAN,Test,Train,Params,D-Params,Epochs,Old dataset,New dataset,Time signal,State history,Prepend,Learning rate,Pearson,Euclidean g,Manhattan g,Cosine,Euclidean m,Manhattan m,Pos error,Rot error,Release error,Rel. pos. err,Rel. vel. err,Missed by,Filename
False,True,False,True,False,128,-1,900,False,True,True,1,False,0.0001,0.981774823739078,0.0024979923445735,0.0407210878327975,0.9824647985168884,0.1809699298264821,0.3257687026623806,0.0750113028139396,0.1728573304975849,0.0533333333333333,0.0758054653486805,1.7226131490420418,0.4148918918866384,naiveBC-RNNx128x2-newdata-ep900-norm-start-timesignal-testval
False,True,False,True,False,128,-1,1200,False,True,True,1,False,1e-05,0.9780426544152374,0.0027209389966837,0.0388833977221231,0.979234674423024,0.1972733435575033,0.3110671817769853,0.0239937330301439,0.1978057772443518,0.06,0.0560222958023048,0.6180326601613667,0.1926865738353523,naiveBC-RNNx128x2-newdata-ep1200-norm-start-timesignal-lr5-testval
False,True,False,True,False,512,-1,900,False,True,True,1,False,1e-05,0.9840544323213132,0.0023293956201673,0.0363145349586566,0.9848210525328662,0.175897272153671,0.2905162796692533,0.0382562252112721,0.1856769495374975,0.04,0.0596860414297734,1.091777365670909,0.3046011757089337,naiveBC-RNNx512x2-newdata-ep900-norm-start-timesignal-lr5-testval
