NaiveBC,RNN,GAN,Test,Train,Params,D-Params,Epochs,Old dataset,New dataset,Time signal,State history,Prepend,Learning rate,Pearson,Euclidean g,Manhattan g,Cosine,Euclidean m,Manhattan m,Pos error,Rot error,Release error,Rel. pos. err,Rel. vel. err,Missed by,Filename
False,True,False,True,False,128,-1,1200,False,True,True,1,False,1e-05,0.9780426544152374,0.0027209389966837,0.0388833977221231,0.979234674423024,0.1972733435575033,0.3110671817769853,0.0239937330301439,0.1978057772443518,0.06,0.0560222958023048,0.6180326601613667,0.1926865738353523,naiveBC-RNNx128x2-newdata-ep1200-norm-start-timesignal-lr5-testval
False,True,False,True,False,256,-1,1200,False,True,True,1,False,1e-05,0.9818561535304358,0.0024756832990541,0.0362271834847483,0.9827992504536478,0.1820115019202209,0.2898174678779866,0.0215775786208486,0.1960065405396045,0.06,0.061035795080745,0.7991749813036408,0.2348678848898602,naiveBC-RNNx256x2-newdata-ep1200-norm-start-timesignal-lr5-testval
False,True,False,True,False,512,-1,600,False,True,True,1,False,1e-05,0.978162594375957,0.0027052884375831,0.0366407213071683,0.9794352740570637,0.1905662143379353,0.2931257704573466,0.0217666862993461,0.1904307739748156,0.0666666666666666,,,,naiveBC-RNNx512x2-newdata-ep600-norm-start-timesignal-lr5-testval
