NaiveBC,RNN,GAN,Test,Train,Params,D-Params,Epochs,Old dataset,New dataset,Time signal,State history,Prepend,Learning rate,Pearson,Euclidean g,Manhattan g,Cosine,Euclidean m,Manhattan m,Pos error,Rot error,Release error,Rel. pos. err,Rel. vel. err,Missed by,Filename
False,True,False,True,False,512,-1,1200,False,True,True,1,False,1e-05,0.982684026573134,0.0024264124423319,0.0367752509066533,0.9835725835927958,0.1791142203351206,0.2942020072532266,0.0307390793411553,0.1863882094055547,0.06,0.0628295674288702,1.0672052586962053,0.2875189676648677,naiveBC-RNNx512x2-newdata-ep1200-norm-start-timesignal-lr5-testval
False,True,False,True,False,128,-1,300,False,True,True,1,False,0.0001,0.9810437928345134,0.0025312332486628,0.0379031393856883,0.982097674696198,0.1865543997251332,0.3032251150855066,0.0336035611001496,0.1886479978506623,0.0666666666666666,0.0747254465932197,0.7187156763934385,0.2369274301543341,naiveBC-RNNx128x2-newdata-ep300-norm-start-timesignal-testval
False,True,False,True,False,512,-1,600,False,True,True,1,False,1e-05,0.978162594375957,0.0027052884375831,0.0366407213071683,0.9794352740570637,0.1905662143379353,0.2931257704573466,0.0217666862993461,0.1904307739748156,0.0666666666666666,,,,naiveBC-RNNx512x2-newdata-ep600-norm-start-timesignal-lr5-testval
False,True,False,True,False,128,-1,900,False,True,True,1,False,0.0001,0.981774823739078,0.0024979923445735,0.0407210878327975,0.9824647985168884,0.1809699298264821,0.3257687026623806,0.0750113028139396,0.1728573304975849,0.0533333333333333,0.0758054653486805,1.7226131490420418,0.4148918918866384,naiveBC-RNNx128x2-newdata-ep900-norm-start-timesignal-testval
